[{
  "first_name": "Pete",
  "last_name": "Wrigley",
  "image": "http://www.radfaces.com/images/avatars/little-pete-wrigley.jpg",
  "location": "Wellsville, NY"
}, {
  "first_name": "Aeon",
  "last_name": "Flux",
  "image": "http://www.radfaces.com/images/avatars/aeon-flux.jpg",
  "location": "Nation of Monica"
}, {
  "first_name": "Alan",
  "last_name": "Frog",
  "image": "http://www.radfaces.com/images/avatars/alan-frog.jpg",
  "location": "Santa Clara, CA"
}, {
  "first_name": "Amanda",
  "last_name": "Bynes",
  "image": "http://www.radfaces.com/images/avatars/amanda-bynes.jpg",
  "location": "Hollywood, CA"
}, {
  "first_name": "April",
  "last_name": "O'Neil",
  "image": "http://www.radfaces.com/images/avatars/april-oneil.jpg",
  "location": "Brooklyn, NY"
}, {
  "first_name": "Artie",
  "last_name": "...the strongest man in the world",
  "image": "http://www.radfaces.com/images/avatars/artie-strongman.jpg",
  "location": "Wellsville, NY"
}, {
  "first_name": "Baby",
  "last_name": "Sinclair",
  "image": "http://www.radfaces.com/images/avatars/baby-sinclair.jpg",
  "location": "Pangaea"
}, {
  "first_name": "Big Pete",
  "last_name": "Wrigley",
  "image": "http://www.radfaces.com/images/avatars/big-pete-wrigley.jpg",
  "location": "Wellsville, NY"
}, {
  "first_name": "Bobby",
  "last_name": "Budnick",
  "image": "http://www.radfaces.com/images/avatars/bobby-budnick.jpg",
  "location": "Camp Anawanna, VA"
}, {
  "first_name": "Bradley",
  "last_name": "Taylor",
  "image": "http://www.radfaces.com/images/avatars/bradley-taylor.jpg",
  "location": "Dude Ranch, AZ"
}, {
  "first_name": "Casey",
  "last_name": "Jones",
  "image": "http://www.radfaces.com/images/avatars/casey-jones.jpg",
  "location": "Brooklyn, NY"
}, {
  "first_name": "Charlene",
  "last_name": "Sinclair",
  "image": "http://www.radfaces.com/images/avatars/charlene-sinclair.jpg",
  "location": "Pangaea"
}, {
  "first_name": "Chris",
  "last_name": "Chambers",
  "image": "http://www.radfaces.com/images/avatars/chris-chambers.jpg",
  "location": "Castlerock, OR"
}, {
  "first_name": "Danny",
  "last_name": "Lightfoot",
  "image": "http://www.radfaces.com/images/avatars/danny-lightfoot.jpg",
  "location": "Dude Ranch, AZ"
}, {
  "first_name": "Danny",
  "last_name": "Pennington",
  "image": "http://www.radfaces.com/images/avatars/danny-pennington.jpg",
  "location": "Brooklyn, NY"
}, {
  "first_name": "Daria",
  "last_name": "Morgendorffer",
  "image": "http://www.radfaces.com/images/avatars/daria-morgendorffer.jpg",
  "location": "Lawndale, MTV"
}, {
  "first_name": "Dina",
  "last_name": "Alexander",
  "image": "http://www.radfaces.com/images/avatars/dina-alexander.jpg",
  "location": "Camp Anawanna, VA"
}, {
  "first_name": "Eddie",
  "last_name": "Gelfen",
  "image": "http://www.radfaces.com/images/avatars/eddie-gelfen.jpg",
  "location": "Camp Anawanna, VA"
}, {
  "first_name": "Ellen Josephine",
  "last_name": "Hickle",
  "image": "http://www.radfaces.com/images/avatars/ellen-josephine-hickle.jpg",
  "location": "Wellsville, NY"
}, {
  "first_name": "Ernest",
  "last_name": "Worrell",
  "image": "http://www.radfaces.com/images/avatars/ernest-worrell.jpg",
  "location": "Jail, Prison"
}, {
  "first_name": "Harriet",
  "last_name": "Welsch",
  "image": "http://www.radfaces.com/images/avatars/harriet-welsch.jpg",
  "location": "Upper East Side, NY"
}, {
  "first_name": "Ickis",
  "last_name": "",
  "image": "http://www.radfaces.com/images/avatars/ickis.jpg",
  "location": "City Dump, NY"
}, {
  "first_name": "Jane",
  "last_name": "Lane",
  "image": "http://www.radfaces.com/images/avatars/jane-lane.jpg",
  "location": "Lawndale, MTV"
}, {
  "first_name": "Jeffrey",
  "last_name": "Douglas",
  "image": "http://www.radfaces.com/images/avatars/jeffrey-douglas.jpg",
  "location": "Pasadena, CA"
}, {
  "first_name": "Kel",
  "last_name": "Mitchell",
  "image": "http://www.radfaces.com/images/avatars/kel-mitchell.jpg",
  "location": "Hollywood, CA"
}, {
  "first_name": "Krumm",
  "last_name": "",
  "image": "http://www.radfaces.com/images/avatars/krumm.jpg",
  "location": "City Dump, NY"
}, {
  "first_name": "Lawrence",
  "last_name": "Cohen",
  "image": "http://www.radfaces.com/images/avatars/lawrence-cohen.jpg",
  "location": "Astoria, OR"
}, {
  "first_name": "Lori-Beth",
  "last_name": "Denberg",
  "image": "http://www.radfaces.com/images/avatars/lori-beth-denberg.jpg",
  "location": "Hollywood, CA"
}, {
  "first_name": "Marshall",
  "last_name": "Teller",
  "image": "http://www.radfaces.com/images/avatars/marshall-teller.jpg",
  "location": "Eerie, IN"
}, {
  "first_name": "Mechagodzilla",
  "last_name": "",
  "image": "http://www.radfaces.com/images/avatars/mechagodzilla.jpg",
  "location": "Tokyo, Japan"
}, {
  "first_name": "Melody",
  "last_name": "Hanson",
  "image": "http://www.radfaces.com/images/avatars/melody-hanson.jpg",
  "location": "Dude Ranch, AZ"
}, {
  "first_name": "Michael",
  "last_name": "Douglas",
  "image": "http://www.radfaces.com/images/avatars/michael-douglas.jpg",
  "location": "Pasadena, CA"
}, {
  "first_name": "Michael",
  "last_name": "Walsh",
  "image": "http://www.radfaces.com/images/avatars/michael-walsh.jpg",
  "location": "Astoria, OR"
}, {
  "first_name": "Michelangelo",
  "last_name": "",
  "image": "http://www.radfaces.com/images/avatars/michelangelo.jpg",
  "location": "Brooklyn, NY"
}, {
  "first_name": "Oblina",
  "last_name": "",
  "image": "http://www.radfaces.com/images/avatars/oblina.jpg",
  "location": "City Dump, NY"
}, {
  "first_name": "Patty",
  "last_name": "Mayonnaise",
  "image": "http://www.radfaces.com/images/avatars/patty-mayonnaise.jpg",
  "location": "Bluffington, VA"
}, {
  "first_name": "Powdered",
  "last_name": "Toast Man",
  "image": "http://www.radfaces.com/images/avatars/powdered-toast-man.jpg",
  "location": "City Hicks, TN"
}, {
  "first_name": "Quinn",
  "last_name": "Morgendorffer",
  "image": "http://www.radfaces.com/images/avatars/quinn-morgendorffer.jpg",
  "location": "Lawndale, MTV"
}, {
  "first_name": "Reno",
  "last_name": "Reyes, Jr.",
  "image": "http://www.radfaces.com/images/avatars/reno-reyes-jr.jpg",
  "location": "Brooklyn, NY"
}, {
  "first_name": "Richard",
  "last_name": "Wang",
  "image": "http://www.radfaces.com/images/avatars/richard-wang.jpg",
  "location": "Astoria, OR"
}, {
  "first_name": "Robbie",
  "last_name": "Sinclair",
  "image": "http://www.radfaces.com/images/avatars/robbie-sinclair.jpg",
  "location": "Pangaea"
}, {
  "first_name": "Roger",
  "last_name": "Klotz",
  "image": "http://www.radfaces.com/images/avatars/roger-klotz.jpg",
  "location": "Bluffington, VA"
}, {
  "first_name": "Sam",
  "last_name": "Emerson",
  "image": "http://www.radfaces.com/images/avatars/sam-emerson.jpg",
  "location": "Santa Clara, CA"
}, {
  "first_name": "Samuel",
  "last_name": "Douglas",
  "image": "http://www.radfaces.com/images/avatars/samuel-douglas.jpg",
  "location": "Pasadena, CA"
}, {
  "first_name": "Simon",
  "last_name": "Holmes",
  "image": "http://www.radfaces.com/images/avatars/simon-holmes.jpg",
  "location": "Eerie, IN"
}, {
  "first_name": "Skeeter",
  "last_name": "Valentine",
  "image": "http://www.radfaces.com/images/avatars/skeeter-valentine.jpg",
  "location": "Bluffington, VA"
}, {
  "first_name": "Star",
  "last_name": "Emerson",
  "image": "http://www.radfaces.com/images/avatars/star-emerson.jpg",
  "location": "Santa Clara, CA"
}, {
  "first_name": "Teddy",
  "last_name": "Duchamp",
  "image": "http://www.radfaces.com/images/avatars/teddy-duchamp.jpg",
  "location": "Castlerock, OR"
}, {
  "first_name": "Telly",
  "last_name": "Radford",
  "image": "http://www.radfaces.com/images/avatars/telly-radford.jpg",
  "location": "Camp Anawanna, VA"
}, {
  "first_name": "Trent",
  "last_name": "Lane",
  "image": "http://www.radfaces.com/images/avatars/trent-lane.jpg",
  "location": "Lawndale, MTV"
}, {
  "first_name": "Vern",
  "last_name": "Tessio",
  "image": "http://www.radfaces.com/images/avatars/vern-tessio.jpg",
  "location": "Castlerock, OR"
}, {
  "first_name": "Alex",
  "last_name": "Murphy",
  "image": "http://www.radfaces.com/images/avatars/alex-murphy.jpg",
  "location": "Detroit, MI"
}, {
  "first_name": "Atreyu",
  "last_name": "",
  "image": "http://www.radfaces.com/images/avatars/atreyu.jpg",
  "location": "Fantastica"
}, {
  "first_name": "Bill",
  "last_name": "Esquire",
  "image": "http://www.radfaces.com/images/avatars/bill-esquire.jpg",
  "location": "San Dimas, CA"
}, {
  "first_name": "Bishop",
  "last_name": "",
  "image": "http://www.radfaces.com/images/avatars/bishop.jpg",
  "location": "Queens, NY"
}, {
  "first_name": "David",
  "last_name": "Bowie",
  "image": "http://www.radfaces.com/images/avatars/david-bowie.jpg",
  "location": "The Labyrinth"
}, {
  "first_name": "Empress",
  "last_name": "Tami",
  "image": "http://www.radfaces.com/images/avatars/empress-tami.jpg",
  "location": "Fantastica"
}, {
  "first_name": "Iggy",
  "last_name": "",
  "image": "http://www.radfaces.com/images/avatars/iggy.jpg",
  "location": "Surf City, CA"
}, {
  "first_name": "Kennedy",
  "last_name": "Montgomery",
  "image": "http://www.radfaces.com/images/avatars/kennedy-montgomery.jpg",
  "location": "MTV News, MTV"
}, {
  "first_name": "Link",
  "last_name": "",
  "image": "http://www.radfaces.com/images/avatars/link.jpg",
  "location": "Encino, CA"
}, {
  "first_name": "Pat",
  "last_name": "Benetar",
  "image": "http://www.radfaces.com/images/avatars/pat-benatar.jpg",
  "location": "Brooklyn, NY"
}, {
  "first_name": "Sarah",
  "last_name": "Williams",
  "image": "http://www.radfaces.com/images/avatars/sarah-williams.jpg",
  "location": "The Labyrinth"
}, {
  "first_name": "Stoney",
  "last_name": "Brown",
  "image": "http://www.radfaces.com/images/avatars/stoney-brown.jpg",
  "location": "Encino, CA"
}, {
  "first_name": "Ted",
  "last_name": "Logan",
  "image": "http://www.radfaces.com/images/avatars/ted-logan.jpg",
  "location": "San Dimas, CA"
}, {
  "first_name": "Vera",
  "last_name": "De Milo",
  "image": "http://www.radfaces.com/images/avatars/vera-de-milo.jpg",
  "location": "In Living Color, TV"
}, {
  "first_name": "Yellow",
  "last_name": "Frog",
  "image": "http://www.radfaces.com/images/avatars/yellow-frog.jpg",
  "location": "Hidden Temple"
}, {
  "first_name": "Asha",
  "last_name": "Kuerten",
  "image": "http://www.radfaces.com/images/avatars/asha-kuerten.jpg",
  "location": "Guts, Australia"
}, {
  "first_name": "Elvira",
  "last_name": "Hancock",
  "image": "http://www.radfaces.com/images/avatars/elvira-hancock.jpg",
  "location": "Miami, FL"
}, {
  "first_name": "June",
  "last_name": "",
  "image": "http://www.radfaces.com/images/avatars/june.jpg",
  "location": "KaBlam, Nick"
}, {
  "first_name": "Alexandra",
  "last_name": "Mack",
  "image": "http://www.radfaces.com/images/avatars/alex-mack.jpg",
  "location": "Paradise Valley, CA"
}, {
  "first_name": "Clarissa Marie",
  "last_name": "Darling",
  "image": "http://www.radfaces.com/images/avatars/clarissa-marie-darling.jpg",
  "location": "Smalltown, OH"
}, {
  "first_name": "Dylan",
  "last_name": "McKay",
  "image": "http://www.radfaces.com/images/avatars/dylan-mckay.jpg",
  "location": "Beverly Hills, CA 90210"
}, {
  "first_name": "Kelly",
  "last_name": "Kapowski",
  "image": "http://www.radfaces.com/images/avatars/kelly-kapowski.jpg",
  "location": "Bayside High"
}, {
  "first_name": "Kimmy",
  "last_name": "Gibbler",
  "image": "http://www.radfaces.com/images/avatars/kimmy-gibbler.jpg",
  "location": "San Francisco, CA"
}, {
  "first_name": "Scrappy-Doo",
  "last_name": "",
  "image": "http://www.radfaces.com/images/avatars/scrappy-doo.jpg",
  "location": "Crystal Cove"
}, {
  "first_name": "Tina",
  "last_name": "Carlyle",
  "image": "http://www.radfaces.com/images/avatars/tina-carlyle.jpg",
  "location": "Edge City"
}, {
  "first_name": "Zack",
  "last_name": "Taylor",
  "image": "http://www.radfaces.com/images/avatars/zack-taylor.jpg",
  "location": "Angel Grove"
}, {
  "first_name": "Will",
  "last_name": "Smith",
  "image": "http://www.radfaces.com/images/avatars/will-smith.jpg",
  "location": "Bel Air, Ca"
}, {
  "first_name": "Rufio",
  "last_name": "",
  "image": "http://www.radfaces.com/images/avatars/rufio.jpg",
  "location": "Neverland"
}, {
  "first_name": "Chucky",
  "last_name": "",
  "image": "http://www.radfaces.com/images/avatars/chucky.jpg",
  "location": "Yucaipa, CA"
}, {
  "first_name": "Allison",
  "last_name": "Reynolds",
  "image": "http://www.radfaces.com/images/avatars/allison-reynolds.jpg",
  "location": "Shermer, IL"
}, {
  "first_name": "Cameron",
  "last_name": "Frye",
  "image": "http://www.radfaces.com/images/avatars/cameron-frye.jpg",
  "location": "Chicago, IL"
}, {
  "first_name": "Claire",
  "last_name": "Standish",
  "image": "http://www.radfaces.com/images/avatars/claire-standish.jpg",
  "location": "Shermer, IL"
}, {
  "first_name": "Gary",
  "last_name": "Wallace",
  "image": "http://www.radfaces.com/images/avatars/gary-wallace.jpg",
  "location": "Shermer, IL"
}, {
  "first_name": "Lisa",
  "last_name": "",
  "image": "http://www.radfaces.com/images/avatars/lisa.jpg",
  "location": "Shermer, IL"
}, {
  "first_name": "Bruce",
  "last_name": "Lee",
  "image": "http://www.radfaces.com/images/avatars/bruce-lee.jpg",
  "location": "China Town, San Francisco"
}, {
  "first_name": "Helga",
  "last_name": "Pataki",
  "image": "http://www.radfaces.com/images/avatars/helga-pataki.jpg",
  "location": "Hillwood, WA"
}, {
  "first_name": "Laura",
  "last_name": "Powers",
  "image": "http://www.radfaces.com/images/avatars/laura-powers.jpg",
  "location": "Springfield, IL"
}, {
  "first_name": "Lydia",
  "last_name": "Deetz",
  "image": "http://www.radfaces.com/images/avatars/lydia-deetz.jpg",
  "location": "Winter River, CT"
}, {
  "first_name": "Ultimate",
  "last_name": "Warrior",
  "image": "http://www.radfaces.com/images/avatars/ultimate-warrior.jpg",
  "location": "Crawfordsville, IN"
}, {
  "first_name": "Boba",
  "last_name": "Fett",
  "image": "http://www.radfaces.com/images/avatars/boba-fett.jpg",
  "location": "Kamino"
}, {
  "first_name": "Garth",
  "last_name": "Algar",
  "image": "http://www.radfaces.com/images/avatars/garth-algar.jpg",
  "location": "Aurora, IL"
}, {
  "first_name": "Jen",
  "last_name": "",
  "image": "http://www.radfaces.com/images/avatars/jen.jpg",
  "location": "Thra"
}, {
  "first_name": "Linda",
  "last_name": "Barret",
  "image": "http://www.radfaces.com/images/avatars/linda-barret.jpg",
  "location": "San Diego, CA"
}, {
  "first_name": "Scott",
  "last_name": "Howard",
  "image": "http://www.radfaces.com/images/avatars/scott-howard.jpg",
  "location": "Beacontown"
}, {
  "first_name": "Shōtarō",
  "last_name": "Kaneda",
  "image": "http://www.radfaces.com/images/avatars/akira.jpg",
  "location": "Neo-Tokyo, Japan"
}, {
  "first_name": "Dionne",
  "last_name": "Davenport",
  "image": "http://www.radfaces.com/images/avatars/dionne.jpg",
  "location": "Beverly Hills, CA"
}, {
  "first_name": "Johnny",
  "last_name": "Lawrence",
  "image": "http://www.radfaces.com/images/avatars/johnny-lawrence.jpg",
  "location": "Reseda, CA"
}, {
  "first_name": "Lucas",
  "last_name": "",
  "image": "http://www.radfaces.com/images/avatars/lucas.jpg",
  "location": "Empire, DE"
}, {
  "first_name": "Winnie",
  "last_name": "Cooper",
  "image": "http://www.radfaces.com/images/avatars/winnie-cooper.jpg",
  "location": "Harper Woods"
}, {
  "first_name": "Marian",
  "last_name": "Delario",
  "image": "http://www.radfaces.com/images/avatars/marian-delario.jpg",
  "location": "Black Warriors, Turf"
}, {
  "first_name": "Ororo",
  "last_name": "Munroe",
  "image": "http://www.radfaces.com/images/avatars/ororo-munroe.jpg",
  "location": "Harlem, NY"
}, {
  "first_name": "Pee-wee",
  "last_name": "Herman",
  "image": "http://www.radfaces.com/images/avatars/pee-wee-herman.jpg",
  "location": "Pee-wee's Playhouse"
}, {
  "first_name": "Wanda",
  "last_name": "Woodward",
  "image": "http://www.radfaces.com/images/avatars/wanda-woodward.jpg",
  "location": "Baltimore, MD"
}, {
  "first_name": "Willow",
  "last_name": "Ufgood",
  "image": "http://www.radfaces.com/images/avatars/willow-ufgood.jpg",
  "location": "Tir Asleen"
}]
